plaintext,regkey,polykey,cipherType
"The stars are ancient letters scattered across a boundless sky. Each one tells a story written in light, meant for those brave enough to read it.",lumen,mythborn,nihilist
Every mountain peak was once a grain of dust. Time builds the impossible from the smallest beginnings.,cloud,patience,nihilist
A single idea can shatter centuries of silence. Revolutions begin as whispers before they become storms.,dusk,upheaval,nihilist
"In the forest, each leaf sings its own quiet hymn. Together, they create a chorus older than language itself.",creek,sylvanis,nihilist
The sea remembers every ship that crossed it. Its waves tell tales to those willing to listen between the tides.,clock,tidefolk,nihilist
"Courage is not the absence of fear, but the strength to walk forward carrying it. Even a trembling step matters.",mist,heartline,nihilist
"The night hides truths too sharp for the daylight. In shadows, some things find the courage to speak.",brave,hushword,nihilist
"Light finds a way through even the deepest stone. Hope behaves the same, slipping through the cracks.",stone,emberway,nihilist
Legends are born from ordinary people who refused to wait for permission. History favors the restless.,shore,restless,nihilist
"Every storm eventually surrenders to the calm. In its wake, new seeds take root.",flame,bloompath,nihilist
Time folds around the persistent. Those who endure carve their names into eternity.,woods,steadfast,nihilist
The stars hum ancient songs while we sleep. Their melodies weave through the marrow of our dreams.,dawn,dreamer,nihilist
"Change moves slowly, then all at once. Its arrival is always inevitable.",bloom,shiftline,nihilist
The rivers of the world are veins of memory. They carry stories to the seas.,grace,recallus,nihilist
"Fire consumes, but in ash there is always fertile ground. Destruction births what was once impossible.",nova,rebornis,nihilist
"The desert teaches silence in a way no other place can. In its quiet, the soul remembers itself.",gust,solusway,nihilist
"Every end has a shape, though we rarely see it until long after it’s passed. Patterns reveal themselves to the patient.",hush,finalis,nihilist
"The sky was never meant to be a ceiling. It’s a map, drawn in stars, meant for those willing to chase it.",shard,seekbound,nihilist
"Shadows are not proof of absence, but evidence of light. To be afraid of them is to forget this.",ghost,suntrace,nihilist
The old trees remember everything. Their roots are tangled with the weight of forgotten centuries.,flare,elderoak,nihilist
Oceans hold more than salt and water. In their depths are cities no map has claimed.,path,sirenrun,nihilist
"Wisdom is not loud, but steady. It walks with you in silence when no one else will.",brook,surehold,nihilist
Kindness leaves invisible marks on the world. They glow in places most will never see.,storm,emberkind,nihilist
"The wind has a voice, if you listen. It tells of lost lands and future places.",light,horizon,nihilist
Every choice ripples out farther than we imagine. Its echoes return in unexpected ways.,blaze,causaris,nihilist
"Night carries a strange honesty. In the dark, masks fall away.",cliff,rawtruth,nihilist
Some truths must be carried alone. They are stones too heavy for others to lift.,pulse,hushfall,nihilist
Dreams speak a language older than words. Their symbols are the bones of tomorrow.,trail,symbolis,nihilist
The world is made from broken things remade stronger. Fracture does not mean ruin.,spark,reforgis,nihilist
A storm can cleanse as much as it destroys. What’s left behind often matters more than what’s lost.,wave,renewora,nihilist
Light bends around the stubborn. Those who refuse to fall become legends.,sage,endureus,nihilist
"Every city hums a different song, though most forget to listen. Streets remember what people do not.",scar,streetly,nihilist
The heart holds a thousand unspoken names. It waits for one voice brave enough to call them.,stare,namecall,nihilist
Every map lies a little. The true path is made in the walking.,glass,driftway,nihilist
"In forgotten places, old songs still linger. They wait for new ears to remember them.",shade,listenis,nihilist
Fireflies teach us that even small things light the dark. Their flickers remind the shadows to make room.,grove,sparkles,nihilist
"The past walks behind us, barefoot in the dust. It leaves footprints only hindsight can trace.",bloom,remember,nihilist
Rivers are impatient storytellers. They carry secrets faster than any tongue can speak.,drift,tideword,nihilist
"In stillness, clarity appears. The noise of the world drowns it most days.",mind,clearwake,nihilist
A broken thing can still be beautiful. Its flaws carry stories whole things never could.,ember,splinter,nihilist
The night sky holds promises no dawn can break. Some oaths live in stars.,night,vowbound,nihilist
Silence speaks when words fail. It wraps around grief and love alike.,echo,quietis,nihilist
"Every ending leaves a ghost. It lingers, reshaping what comes next.",nerve,afteris,nihilist
"Even in darkness, light remembers its way home. It clings to hope like a stubborn root.",surge,dawnpath,nihilist
Fate is a weaver with unsteady hands. Not every thread lands where intended.,chord,loommark,nihilist
The world was built by the tired and the hopeful. Their hands shaped stones into shelters.,earth,waycraft,nihilist
Shadows stretch longest before the dawn. Their final reach is often their greatest.,murmur,daybound,nihilist
A kind word softens even the hardest armor. The heart listens where the ears refuse.,spark,softenex,nihilist
"The oldest stories are written not on paper, but in scars.",river,taleborn,nihilist
